"Vuosi";"Koulutusaste";"Sukupuoli";"Asuinmaakunta";"Koulutusala";"Tutkinnon suorittaneet vuosi ennen tilastovuotta yhteensä (lkm)";"Työlliset yhteensä vuosi valmistumisen jälkeen (lkm)";"Työlliset yhteensä vuosi valmistumisen jälkeen (%)";"Päätoimiset työlliset vuosi valmistumisen jälkeen (lkm)";"Päätoimiset työlliset vuosi valmistumisen jälkeen (%)";"Työlliset opiskelijat vuosi valmistumisen jälkeen (lkm)";"Työlliset opiskelijat vuosi valmistumisen jälkeen (%)";"Päätoimiset opiskelijat vuosi valmistumisen jälkeen (lkm)";"Päätoimiset opiskelijat vuosi valmistumisen jälkeen (%)";"Työttömät vuosi valmistumisen jälkeen  (lkm)";"Työttömät vuosi valmistumisen jälkeen (%)";"Muut vuosi valmistumisen jälkeen  (lkm)";"Muut vuosi valmistumisen jälkeen (%)";"Tutkinnon suorittaneet kolme vuotta ennen tilastovuotta yhteensä (lkm)";"Työlliset yhteensä kolme vuotta valmistumisen jälkeen (lkm)";"Työlliset yhteensä kolme vuotta valmistumisen jälkeen (%)";"Päätoimiset työlliset kolme vuotta valmistumisen jälkeen (lkm)";"Päätoimiset työlliset kolme vuotta valmistumisen jälkeen (%)";"Työlliset opiskelijat kolme vuotta valmistumisen jälkeen (lkm)";"Työlliset opiskelijat kolme vuotta valmistumisen jälkeen (%)";"Päätoimiset opiskelijat kolme vuotta valmistumisen jälkeen (lkm)";"Päätoimiset opiskelijat kolme vuotta valmistumisen jälkeen (%)";"Työttömät kolme vuotta valmistumisen jälkeen  (lkm)";"Työttömät kolme vuotta valmistumisen jälkeen (%)";"Muut kolme vuotta valmistumisen jälkeen  (lkm)";"Muut kolme vuotta valmistumisen jälkeen (%)"
"2020";"32 Ammatillinen peruskoulutus";"Sukupuolet yhteensä";"Koko maa";"Tietojenkäsittely ja tietoliikenne (ICT)";2000;711;36;600;30;111;6;350;18;658;33;281;14;2194;1085;49;813;37;272;12;499;23;435;20;175;8
"2020";"32 Ammatillinen peruskoulutus";"Sukupuolet yhteensä";"Uusimaa";"Tietojenkäsittely ja tietoliikenne (ICT)";627;284;45;238;38;46;7;78;12;176;28;89;14;710;394;55;298;42;96;14;138;19;126;18;52;7
"2020";"32 Ammatillinen peruskoulutus";"Sukupuolet yhteensä";"Varsinais-Suomi";"Tietojenkäsittely ja tietoliikenne (ICT)";175;55;31;47;27;8;5;36;21;54;31;30;17;202;107;53;83;41;24;12;38;19;36;18;21;10
"2020";"32 Ammatillinen peruskoulutus";"Sukupuolet yhteensä";"Satakunta";"Tietojenkäsittely ja tietoliikenne (ICT)";49;16;33;12;24;4;8;5;10;17;35;11;22;57;27;47;22;39;5;9;16;28;11;19;3;5
"2020";"32 Ammatillinen peruskoulutus";"Sukupuolet yhteensä";"Kanta-Häme";"Tietojenkäsittely ja tietoliikenne (ICT)";87;27;31;23;26;4;5;16;18;30;34;14;16;64;25;39;21;33;4;6;15;23;14;22;10;16
"2020";"32 Ammatillinen peruskoulutus";"Sukupuolet yhteensä";"Pirkanmaa";"Tietojenkäsittely ja tietoliikenne (ICT)";149;56;38;45;30;11;7;24;16;47;32;22;15;164;92;56;73;45;19;12;35;21;24;15;13;8
"2020";"32 Ammatillinen peruskoulutus";"Sukupuolet yhteensä";"Päijät-Häme";"Tietojenkäsittely ja tietoliikenne (ICT)";74;15;20;13;18;2;3;14;19;34;46;11;15;91;41;45;35;38;6;7;17;19;26;29;7;8
"2020";"32 Ammatillinen peruskoulutus";"Sukupuolet yhteensä";"Kymenlaakso";"Tietojenkäsittely ja tietoliikenne (ICT)";66;13;20;12;18;1;2;17;26;30;45;6;9;90;32;36;25;28;7;8;15;17;33;37;10;11
"2020";"32 Ammatillinen peruskoulutus";"Sukupuolet yhteensä";"Etelä-Karjala";"Tietojenkäsittely ja tietoliikenne (ICT)";47;.;.;10;21;.;.;5;11;19;40;13;28;38;18;47;14;37;4;11;5;13;12;32;3;8
"2020";"32 Ammatillinen peruskoulutus";"Sukupuolet yhteensä";"Etelä-Savo";"Tietojenkäsittely ja tietoliikenne (ICT)";47;16;34;15;32;1;2;7;15;17;36;7;15;45;16;36;12;27;4;9;14;31;10;22;5;11
"2020";"32 Ammatillinen peruskoulutus";"Sukupuolet yhteensä";"Pohjois-Savo";"Tietojenkäsittely ja tietoliikenne (ICT)";92;29;32;24;26;5;5;15;16;40;43;8;9;93;46;49;39;42;7;8;23;25;16;17;8;9
"2020";"32 Ammatillinen peruskoulutus";"Sukupuolet yhteensä";"Pohjois-Karjala";"Tietojenkäsittely ja tietoliikenne (ICT)";54;21;39;19;35;2;4;5;9;20;37;8;15;70;25;36;15;21;10;14;19;27;23;33;3;4
"2020";"32 Ammatillinen peruskoulutus";"Sukupuolet yhteensä";"Keski-Suomi";"Tietojenkäsittely ja tietoliikenne (ICT)";111;36;32;32;29;4;4;22;20;44;40;9;8;135;62;46;43;32;19;14;32;24;31;23;10;7
"2020";"32 Ammatillinen peruskoulutus";"Sukupuolet yhteensä";"Etelä-Pohjanmaa";"Tietojenkäsittely ja tietoliikenne (ICT)";77;24;31;22;29;2;3;12;16;25;32;16;21;57;27;47;19;33;8;14;19;33;9;16;2;4
"2020";"32 Ammatillinen peruskoulutus";"Sukupuolet yhteensä";"Pohjanmaa";"Tietojenkäsittely ja tietoliikenne (ICT)";62;24;39;18;29;6;10;14;23;19;31;5;8;86;44;51;29;34;15;17;27;31;11;13;4;5
"2020";"32 Ammatillinen peruskoulutus";"Sukupuolet yhteensä";"Keski-Pohjanmaa";"Tietojenkäsittely ja tietoliikenne (ICT)";25;.;.;9;36;.;.;6;24;4;16;6;24;30;8;27;7;23;1;3;12;40;8;27;2;7
"2020";"32 Ammatillinen peruskoulutus";"Sukupuolet yhteensä";"Pohjois-Pohjanmaa";"Tietojenkäsittely ja tietoliikenne (ICT)";171;51;30;45;26;6;4;44;26;63;37;13;8;157;67;43;46;29;21;13;47;30;29;18;14;9
"2020";"32 Ammatillinen peruskoulutus";"Sukupuolet yhteensä";"Kainuu";"Tietojenkäsittely ja tietoliikenne (ICT)";36;9;25;8;22;1;3;16;44;6;17;5;14;51;29;57;19;37;10;20;16;31;2;4;4;8
"2020";"32 Ammatillinen peruskoulutus";"Sukupuolet yhteensä";"Lappi";"Tietojenkäsittely ja tietoliikenne (ICT)";39;12;31;8;21;4;10;8;21;12;31;7;18;52;23;44;11;21;12;23;11;21;14;27;4;8
"2020";"32 Ammatillinen peruskoulutus";"Sukupuolet yhteensä";"Ahvenanmaa";"Tietojenkäsittely ja tietoliikenne (ICT)";12;.;.;.;.;4;33;6;50;1;8;1;8;2;.;.;.;.;.;.;.;.;.;.;.;.
"2020";"32 Ammatillinen peruskoulutus";"Sukupuolet yhteensä";"Tuntematon";"Tietojenkäsittely ja tietoliikenne (ICT)";.;.;.;.;.;.;.;.;.;.;.;.;.;.;.;.;.;.;.;.;.;.;.;.;.;.
"2020";"32 Ammatillinen peruskoulutus";"Miehet";"Koko maa";"Tietojenkäsittely ja tietoliikenne (ICT)";1821;637;35;538;30;99;5;311;17;616;34;257;14;2024;1000;49;758;37;242;12;457;23;411;20;156;8
"2020";"32 Ammatillinen peruskoulutus";"Miehet";"Uusimaa";"Tietojenkäsittely ja tietoliikenne (ICT)";552;239;43;197;36;42;8;69;13;161;29;83;15;646;362;56;277;43;85;13;121;19;117;18;46;7
"2020";"32 Ammatillinen peruskoulutus";"Miehet";"Varsinais-Suomi";"Tietojenkäsittely ja tietoliikenne (ICT)";162;51;31;44;27;7;4;32;20;53;33;26;16;188;99;53;77;41;22;12;34;18;35;19;20;11
"2020";"32 Ammatillinen peruskoulutus";"Miehet";"Satakunta";"Tietojenkäsittely ja tietoliikenne (ICT)";45;14;31;11;24;3;7;4;9;17;38;10;22;54;25;46;20;37;5;9;16;30;11;20;2;4
"2020";"32 Ammatillinen peruskoulutus";"Miehet";"Kanta-Häme";"Tietojenkäsittely ja tietoliikenne (ICT)";84;27;32;23;27;4;5;15;18;29;35;13;15;58;22;38;20;34;2;3;13;22;14;24;9;16
"2020";"32 Ammatillinen peruskoulutus";"Miehet";"Pirkanmaa";"Tietojenkäsittely ja tietoliikenne (ICT)";138;51;37;41;30;10;7;19;14;46;33;22;16;149;82;55;67;45;15;10;32;21;23;15;12;8
"2020";"32 Ammatillinen peruskoulutus";"Miehet";"Päijät-Häme";"Tietojenkäsittely ja tietoliikenne (ICT)";67;15;22;13;19;2;3;12;18;29;43;11;16;90;41;46;35;39;6;7;16;18;26;29;7;8
"2020";"32 Ammatillinen peruskoulutus";"Miehet";"Kymenlaakso";"Tietojenkäsittely ja tietoliikenne (ICT)";61;12;20;11;18;1;2;15;25;29;48;5;8;81;28;35;22;27;6;7;14;17;30;37;9;11
"2020";"32 Ammatillinen peruskoulutus";"Miehet";"Etelä-Karjala";"Tietojenkäsittely ja tietoliikenne (ICT)";45;.;.;10;22;.;.;5;11;18;40;12;27;35;17;49;13;37;4;11;4;11;11;31;3;9
"2020";"32 Ammatillinen peruskoulutus";"Miehet";"Etelä-Savo";"Tietojenkäsittely ja tietoliikenne (ICT)";43;16;37;15;35;1;2;7;16;14;33;6;14;43;16;37;12;28;4;9;13;30;9;21;5;12
"2020";"32 Ammatillinen peruskoulutus";"Miehet";"Pohjois-Savo";"Tietojenkäsittely ja tietoliikenne (ICT)";84;25;30;23;27;2;2;14;17;37;44;8;10;86;42;49;35;41;7;8;23;27;15;17;6;7
"2020";"32 Ammatillinen peruskoulutus";"Miehet";"Pohjois-Karjala";"Tietojenkäsittely ja tietoliikenne (ICT)";48;21;44;19;40;2;4;3;6;17;35;7;15;65;22;34;13;20;9;14;18;28;22;34;3;5
"2020";"32 Ammatillinen peruskoulutus";"Miehet";"Keski-Suomi";"Tietojenkäsittely ja tietoliikenne (ICT)";107;35;33;31;29;4;4;21;20;42;39;9;8;129;60;47;41;32;19;15;31;24;29;22;9;7
"2020";"32 Ammatillinen peruskoulutus";"Miehet";"Etelä-Pohjanmaa";"Tietojenkäsittely ja tietoliikenne (ICT)";70;22;31;20;29;2;3;10;14;22;31;16;23;56;26;46;19;34;7;13;19;34;9;16;2;4
"2020";"32 Ammatillinen peruskoulutus";"Miehet";"Pohjanmaa";"Tietojenkäsittely ja tietoliikenne (ICT)";57;21;37;15;26;6;11;13;23;19;33;4;7;78;40;51;27;35;13;17;25;32;10;13;3;4
"2020";"32 Ammatillinen peruskoulutus";"Miehet";"Keski-Pohjanmaa";"Tietojenkäsittely ja tietoliikenne (ICT)";23;.;.;7;30;.;.;6;26;4;17;6;26;28;.;.;7;25;.;.;11;39;8;29;2;7
"2020";"32 Ammatillinen peruskoulutus";"Miehet";"Pohjois-Pohjanmaa";"Tietojenkäsittely ja tietoliikenne (ICT)";159;49;31;43;27;6;4;40;25;60;38;10;6;142;63;44;44;31;19;13;40;28;28;20;11;8
"2020";"32 Ammatillinen peruskoulutus";"Miehet";"Kainuu";"Tietojenkäsittely ja tietoliikenne (ICT)";34;8;24;7;21;1;3;16;47;6;18;4;12;47;26;55;16;34;10;21;16;34;2;4;3;6
"2020";"32 Ammatillinen peruskoulutus";"Miehet";"Lappi";"Tietojenkäsittely ja tietoliikenne (ICT)";34;11;32;8;24;3;9;6;18;12;35;5;15;47;20;43;11;23;9;19;11;23;12;26;4;9
"2020";"32 Ammatillinen peruskoulutus";"Miehet";"Ahvenanmaa";"Tietojenkäsittely ja tietoliikenne (ICT)";8;.;.;.;.;.;.;.;.;.;.;.;.;2;.;.;.;.;.;.;.;.;.;.;.;.
"2020";"32 Ammatillinen peruskoulutus";"Miehet";"Tuntematon";"Tietojenkäsittely ja tietoliikenne (ICT)";.;.;.;.;.;.;.;.;.;.;.;.;.;.;.;.;.;.;.;.;.;.;.;.;.;.
"2020";"32 Ammatillinen peruskoulutus";"Naiset";"Koko maa";"Tietojenkäsittely ja tietoliikenne (ICT)";179;74;41;62;35;12;7;39;22;42;23;24;13;170;85;50;55;32;30;18;42;25;24;14;19;11
"2020";"32 Ammatillinen peruskoulutus";"Naiset";"Uusimaa";"Tietojenkäsittely ja tietoliikenne (ICT)";75;45;60;41;55;4;5;9;12;15;20;6;8;64;32;50;21;33;11;17;17;27;9;14;6;9
"2020";"32 Ammatillinen peruskoulutus";"Naiset";"Varsinais-Suomi";"Tietojenkäsittely ja tietoliikenne (ICT)";13;4;31;3;23;1;8;4;31;1;8;4;31;14;8;57;6;43;2;14;4;29;1;7;1;7
"2020";"32 Ammatillinen peruskoulutus";"Naiset";"Satakunta";"Tietojenkäsittely ja tietoliikenne (ICT)";4;.;.;.;.;.;.;.;.;.;.;.;.;3;.;.;.;.;.;.;.;.;.;.;.;.
"2020";"32 Ammatillinen peruskoulutus";"Naiset";"Kanta-Häme";"Tietojenkäsittely ja tietoliikenne (ICT)";3;.;.;.;.;.;.;.;.;.;.;.;.;6;.;.;.;.;.;.;.;.;.;.;.;.
"2020";"32 Ammatillinen peruskoulutus";"Naiset";"Pirkanmaa";"Tietojenkäsittely ja tietoliikenne (ICT)";11;5;45;4;36;1;9;5;45;1;9;.;.;15;10;67;6;40;4;27;3;20;1;7;1;7
"2020";"32 Ammatillinen peruskoulutus";"Naiset";"Päijät-Häme";"Tietojenkäsittely ja tietoliikenne (ICT)";7;.;.;.;.;.;.;.;.;.;.;.;.;1;.;.;.;.;.;.;.;.;.;.;.;.
"2020";"32 Ammatillinen peruskoulutus";"Naiset";"Kymenlaakso";"Tietojenkäsittely ja tietoliikenne (ICT)";5;.;.;.;.;.;.;.;.;.;.;.;.;9;.;.;.;.;.;.;.;.;.;.;.;.
"2020";"32 Ammatillinen peruskoulutus";"Naiset";"Etelä-Karjala";"Tietojenkäsittely ja tietoliikenne (ICT)";2;.;.;.;.;.;.;.;.;.;.;.;.;3;.;.;.;.;.;.;.;.;.;.;.;.
"2020";"32 Ammatillinen peruskoulutus";"Naiset";"Etelä-Savo";"Tietojenkäsittely ja tietoliikenne (ICT)";4;.;.;.;.;.;.;.;.;.;.;.;.;2;.;.;.;.;.;.;.;.;.;.;.;.
"2020";"32 Ammatillinen peruskoulutus";"Naiset";"Pohjois-Savo";"Tietojenkäsittely ja tietoliikenne (ICT)";8;.;.;.;.;.;.;.;.;.;.;.;.;7;.;.;.;.;.;.;.;.;.;.;.;.
"2020";"32 Ammatillinen peruskoulutus";"Naiset";"Pohjois-Karjala";"Tietojenkäsittely ja tietoliikenne (ICT)";6;.;.;.;.;.;.;.;.;.;.;.;.;5;.;.;.;.;.;.;.;.;.;.;.;.
"2020";"32 Ammatillinen peruskoulutus";"Naiset";"Keski-Suomi";"Tietojenkäsittely ja tietoliikenne (ICT)";4;.;.;.;.;.;.;.;.;.;.;.;.;6;.;.;.;.;.;.;.;.;.;.;.;.
"2020";"32 Ammatillinen peruskoulutus";"Naiset";"Etelä-Pohjanmaa";"Tietojenkäsittely ja tietoliikenne (ICT)";7;.;.;.;.;.;.;.;.;.;.;.;.;1;.;.;.;.;.;.;.;.;.;.;.;.
"2020";"32 Ammatillinen peruskoulutus";"Naiset";"Pohjanmaa";"Tietojenkäsittely ja tietoliikenne (ICT)";5;.;.;.;.;.;.;.;.;.;.;.;.;8;.;.;.;.;.;.;.;.;.;.;.;.
"2020";"32 Ammatillinen peruskoulutus";"Naiset";"Keski-Pohjanmaa";"Tietojenkäsittely ja tietoliikenne (ICT)";2;.;.;.;.;.;.;.;.;.;.;.;.;2;.;.;.;.;.;.;.;.;.;.;.;.
"2020";"32 Ammatillinen peruskoulutus";"Naiset";"Pohjois-Pohjanmaa";"Tietojenkäsittely ja tietoliikenne (ICT)";12;.;.;2;17;.;.;4;33;3;25;3;25;15;4;27;2;13;2;13;7;47;1;7;3;20
"2020";"32 Ammatillinen peruskoulutus";"Naiset";"Kainuu";"Tietojenkäsittely ja tietoliikenne (ICT)";2;.;.;.;.;.;.;.;.;.;.;.;.;4;.;.;.;.;.;.;.;.;.;.;.;.
"2020";"32 Ammatillinen peruskoulutus";"Naiset";"Lappi";"Tietojenkäsittely ja tietoliikenne (ICT)";5;.;.;.;.;.;.;.;.;.;.;.;.;5;.;.;.;.;.;.;.;.;.;.;.;.
"2020";"32 Ammatillinen peruskoulutus";"Naiset";"Ahvenanmaa";"Tietojenkäsittely ja tietoliikenne (ICT)";4;.;.;.;.;.;.;.;.;.;.;.;.;.;.;.;.;.;.;.;.;.;.;.;.;.
"2020";"32 Ammatillinen peruskoulutus";"Naiset";"Tuntematon";"Tietojenkäsittely ja tietoliikenne (ICT)";.;.;.;.;.;.;.;.;.;.;.;.;.;.;.;.;.;.;.;.;.;.;.;.;.;.
"2021";"32 Ammatillinen peruskoulutus";"Sukupuolet yhteensä";"Koko maa";"Tietojenkäsittely ja tietoliikenne (ICT)";1969;835;42;685;35;150;8;389;20;502;25;243;12;1913;1027;54;808;42;219;11;412;22;322;17;152;8
"2021";"32 Ammatillinen peruskoulutus";"Sukupuolet yhteensä";"Uusimaa";"Tietojenkäsittely ja tietoliikenne (ICT)";608;302;50;237;39;65;11;95;16;131;22;80;13;582;353;61;283;49;70;12;86;15;101;17;42;7
"2021";"32 Ammatillinen peruskoulutus";"Sukupuolet yhteensä";"Varsinais-Suomi";"Tietojenkäsittely ja tietoliikenne (ICT)";156;67;43;58;37;9;6;24;15;41;26;24;15;183;107;58;80;44;27;15;45;25;19;10;12;7
"2021";"32 Ammatillinen peruskoulutus";"Sukupuolet yhteensä";"Satakunta";"Tietojenkäsittely ja tietoliikenne (ICT)";50;18;36;16;32;2;4;9;18;13;26;10;20;49;20;41;15;31;5;10;15;31;7;14;7;14
"2021";"32 Ammatillinen peruskoulutus";"Sukupuolet yhteensä";"Kanta-Häme";"Tietojenkäsittely ja tietoliikenne (ICT)";81;29;36;27;33;2;2;17;21;22;27;13;16;70;32;46;25;36;7;10;17;24;12;17;9;13
"2021";"32 Ammatillinen peruskoulutus";"Sukupuolet yhteensä";"Pirkanmaa";"Tietojenkäsittely ja tietoliikenne (ICT)";170;90;53;77;45;13;8;31;18;31;18;18;11;138;70;51;54;39;16;12;31;22;22;16;15;11
"2021";"32 Ammatillinen peruskoulutus";"Sukupuolet yhteensä";"Päijät-Häme";"Tietojenkäsittely ja tietoliikenne (ICT)";51;23;45;20;39;3;6;5;10;16;31;7;14;99;50;51;44;44;6;6;21;21;21;21;7;7
"2021";"32 Ammatillinen peruskoulutus";"Sukupuolet yhteensä";"Kymenlaakso";"Tietojenkäsittely ja tietoliikenne (ICT)";56;21;38;18;32;3;5;8;14;18;32;9;16;61;29;48;25;41;4;7;14;23;12;20;6;10
"2021";"32 Ammatillinen peruskoulutus";"Sukupuolet yhteensä";"Etelä-Karjala";"Tietojenkäsittely ja tietoliikenne (ICT)";52;21;40;20;38;1;2;5;10;14;27;12;23;35;15;43;9;26;6;17;5;14;8;23;7;20
"2021";"32 Ammatillinen peruskoulutus";"Sukupuolet yhteensä";"Etelä-Savo";"Tietojenkäsittely ja tietoliikenne (ICT)";37;15;41;11;30;4;11;9;24;8;22;5;14;38;23;61;20;53;3;8;6;16;6;16;3;8
"2021";"32 Ammatillinen peruskoulutus";"Sukupuolet yhteensä";"Pohjois-Savo";"Tietojenkäsittely ja tietoliikenne (ICT)";76;34;45;30;39;4;5;17;22;21;28;4;5;76;35;46;28;37;7;9;16;21;20;26;5;7
"2021";"32 Ammatillinen peruskoulutus";"Sukupuolet yhteensä";"Pohjois-Karjala";"Tietojenkäsittely ja tietoliikenne (ICT)";48;16;33;15;31;1;2;8;17;18;38;6;13;53;25;47;23;43;2;4;8;15;15;28;5;9
"2021";"32 Ammatillinen peruskoulutus";"Sukupuolet yhteensä";"Keski-Suomi";"Tietojenkäsittely ja tietoliikenne (ICT)";111;40;36;35;32;5;5;25;23;39;35;7;6;87;43;49;35;40;8;9;24;28;17;20;3;3
"2021";"32 Ammatillinen peruskoulutus";"Sukupuolet yhteensä";"Etelä-Pohjanmaa";"Tietojenkäsittely ja tietoliikenne (ICT)";86;30;35;26;30;4;5;17;20;27;31;12;14;71;34;48;24;34;10;14;19;27;11;15;7;10
"2021";"32 Ammatillinen peruskoulutus";"Sukupuolet yhteensä";"Pohjanmaa";"Tietojenkäsittely ja tietoliikenne (ICT)";77;30;39;19;25;11;14;27;35;12;16;8;10;69;46;67;35;51;11;16;18;26;3;4;2;3
"2021";"32 Ammatillinen peruskoulutus";"Sukupuolet yhteensä";"Keski-Pohjanmaa";"Tietojenkäsittely ja tietoliikenne (ICT)";26;8;31;6;23;2;8;8;31;6;23;4;15;33;15;45;10;30;5;15;10;30;4;12;4;12
"2021";"32 Ammatillinen peruskoulutus";"Sukupuolet yhteensä";"Pohjois-Pohjanmaa";"Tietojenkäsittely ja tietoliikenne (ICT)";176;57;32;43;24;14;8;49;28;56;32;14;8;170;80;47;59;35;21;12;45;26;33;19;12;7
"2021";"32 Ammatillinen peruskoulutus";"Sukupuolet yhteensä";"Kainuu";"Tietojenkäsittely ja tietoliikenne (ICT)";31;8;26;5;16;3;10;18;58;2;6;3;10;38;14;37;12;32;2;5;17;45;3;8;4;11
"2021";"32 Ammatillinen peruskoulutus";"Sukupuolet yhteensä";"Lappi";"Tietojenkäsittely ja tietoliikenne (ICT)";69;21;30;18;26;3;4;17;25;25;36;6;9;41;22;54;15;37;7;17;12;29;6;15;1;2
"2021";"32 Ammatillinen peruskoulutus";"Sukupuolet yhteensä";"Ahvenanmaa";"Tietojenkäsittely ja tietoliikenne (ICT)";8;.;.;.;.;.;.;.;.;.;.;.;.;20;14;70;12;60;2;10;3;15;2;10;1;5
"2021";"32 Ammatillinen peruskoulutus";"Sukupuolet yhteensä";"Tuntematon";"Tietojenkäsittely ja tietoliikenne (ICT)";.;.;.;.;.;.;.;.;.;.;.;.;.;.;.;.;.;.;.;.;.;.;.;.;.;.
"2021";"32 Ammatillinen peruskoulutus";"Miehet";"Koko maa";"Tietojenkäsittely ja tietoliikenne (ICT)";1801;741;41;614;34;127;7;359;20;472;26;229;13;1763;944;54;738;42;206;12;379;21;296;17;144;8
"2021";"32 Ammatillinen peruskoulutus";"Miehet";"Uusimaa";"Tietojenkäsittely ja tietoliikenne (ICT)";546;259;47;204;37;55;10;88;16;123;23;76;14;529;324;61;258;49;66;12;77;15;89;17;39;7
"2021";"32 Ammatillinen peruskoulutus";"Miehet";"Varsinais-Suomi";"Tietojenkäsittely ja tietoliikenne (ICT)";148;64;43;55;37;9;6;21;14;39;26;24;16;173;101;58;76;44;25;14;42;24;18;10;12;7
"2021";"32 Ammatillinen peruskoulutus";"Miehet";"Satakunta";"Tietojenkäsittely ja tietoliikenne (ICT)";45;17;38;16;36;1;2;7;16;13;29;8;18;46;20;43;15;33;5;11;13;28;6;13;7;15
"2021";"32 Ammatillinen peruskoulutus";"Miehet";"Kanta-Häme";"Tietojenkäsittely ja tietoliikenne (ICT)";72;25;35;23;32;2;3;16;22;18;25;13;18;68;32;47;25;37;7;10;15;22;12;18;9;13
"2021";"32 Ammatillinen peruskoulutus";"Miehet";"Pirkanmaa";"Tietojenkäsittely ja tietoliikenne (ICT)";151;76;50;66;44;10;7;29;19;30;20;16;11;124;61;49;46;37;15;12;28;23;20;16;15;12
"2021";"32 Ammatillinen peruskoulutus";"Miehet";"Päijät-Häme";"Tietojenkäsittely ja tietoliikenne (ICT)";46;19;41;17;37;2;4;5;11;15;33;7;15;92;46;50;41;45;5;5;19;21;20;22;7;8
"2021";"32 Ammatillinen peruskoulutus";"Miehet";"Kymenlaakso";"Tietojenkäsittely ja tietoliikenne (ICT)";52;20;38;18;35;2;4;7;13;16;31;9;17;59;29;49;25;42;4;7;12;20;12;20;6;10
"2021";"32 Ammatillinen peruskoulutus";"Miehet";"Etelä-Karjala";"Tietojenkäsittely ja tietoliikenne (ICT)";49;19;39;18;37;1;2;5;10;14;29;11;22;34;15;44;9;26;6;18;5;15;7;21;7;21
"2021";"32 Ammatillinen peruskoulutus";"Miehet";"Etelä-Savo";"Tietojenkäsittely ja tietoliikenne (ICT)";33;13;39;9;27;4;12;8;24;8;24;4;12;35;21;60;19;54;2;6;6;17;6;17;2;6
"2021";"32 Ammatillinen peruskoulutus";"Miehet";"Pohjois-Savo";"Tietojenkäsittely ja tietoliikenne (ICT)";72;33;46;29;40;4;6;15;21;20;28;4;6;70;30;43;24;34;6;9;16;23;19;27;5;7
"2021";"32 Ammatillinen peruskoulutus";"Miehet";"Pohjois-Karjala";"Tietojenkäsittely ja tietoliikenne (ICT)";44;15;34;14;32;1;2;8;18;15;34;6;14;48;23;48;21;44;2;4;7;15;14;29;4;8
"2021";"32 Ammatillinen peruskoulutus";"Miehet";"Keski-Suomi";"Tietojenkäsittely ja tietoliikenne (ICT)";101;37;37;33;33;4;4;22;22;36;36;6;6;77;36;47;29;38;7;9;24;31;14;18;3;4
"2021";"32 Ammatillinen peruskoulutus";"Miehet";"Etelä-Pohjanmaa";"Tietojenkäsittely ja tietoliikenne (ICT)";83;29;35;26;31;3;4;16;19;27;33;11;13;65;29;45;20;31;9;14;19;29;11;17;6;9
"2021";"32 Ammatillinen peruskoulutus";"Miehet";"Pohjanmaa";"Tietojenkäsittely ja tietoliikenne (ICT)";73;28;38;19;26;9;12;25;34;12;16;8;11;63;42;67;32;51;10;16;16;25;3;5;2;3
"2021";"32 Ammatillinen peruskoulutus";"Miehet";"Keski-Pohjanmaa";"Tietojenkäsittely ja tietoliikenne (ICT)";24;7;29;5;21;2;8;7;29;6;25;4;17;29;14;48;9;31;5;17;7;24;4;14;4;14
"2021";"32 Ammatillinen peruskoulutus";"Miehet";"Pohjois-Pohjanmaa";"Tietojenkäsittely ja tietoliikenne (ICT)";164;50;30;38;23;12;7;47;29;53;32;14;9;156;73;47;52;33;21;13;42;27;30;19;11;7
"2021";"32 Ammatillinen peruskoulutus";"Miehet";"Kainuu";"Tietojenkäsittely ja tietoliikenne (ICT)";29;8;28;5;17;3;10;16;55;2;7;3;10;37;13;35;11;30;2;5;17;46;3;8;4;11
"2021";"32 Ammatillinen peruskoulutus";"Miehet";"Lappi";"Tietojenkäsittely ja tietoliikenne (ICT)";63;18;29;16;25;2;3;17;27;23;37;5;8;40;22;55;15;38;7;18;11;28;6;15;1;3
"2021";"32 Ammatillinen peruskoulutus";"Miehet";"Ahvenanmaa";"Tietojenkäsittely ja tietoliikenne (ICT)";6;.;.;.;.;.;.;.;.;.;.;.;.;18;13;72;11;61;2;11;3;17;2;11;.;.
"2021";"32 Ammatillinen peruskoulutus";"Miehet";"Tuntematon";"Tietojenkäsittely ja tietoliikenne (ICT)";.;.;.;.;.;.;.;.;.;.;.;.;.;.;.;.;.;.;.;.;.;.;.;.;.;.
"2021";"32 Ammatillinen peruskoulutus";"Naiset";"Koko maa";"Tietojenkäsittely ja tietoliikenne (ICT)";168;94;56;71;42;23;14;30;18;30;18;14;8;150;83;55;70;47;13;9;33;22;26;17;8;5
"2021";"32 Ammatillinen peruskoulutus";"Naiset";"Uusimaa";"Tietojenkäsittely ja tietoliikenne (ICT)";62;43;69;33;53;10;16;7;11;8;13;4;6;53;29;55;25;47;4;8;9;17;12;23;3;6
"2021";"32 Ammatillinen peruskoulutus";"Naiset";"Varsinais-Suomi";"Tietojenkäsittely ja tietoliikenne (ICT)";8;.;.;.;.;.;.;.;.;.;.;.;.;10;6;60;4;40;2;20;3;30;1;10;.;.
"2021";"32 Ammatillinen peruskoulutus";"Naiset";"Satakunta";"Tietojenkäsittely ja tietoliikenne (ICT)";5;.;.;.;.;.;.;.;.;.;.;.;.;3;.;.;.;.;.;.;.;.;.;.;.;.
"2021";"32 Ammatillinen peruskoulutus";"Naiset";"Kanta-Häme";"Tietojenkäsittely ja tietoliikenne (ICT)";9;.;.;.;.;.;.;.;.;.;.;.;.;2;.;.;.;.;.;.;.;.;.;.;.;.
"2021";"32 Ammatillinen peruskoulutus";"Naiset";"Pirkanmaa";"Tietojenkäsittely ja tietoliikenne (ICT)";19;14;74;11;58;3;16;2;11;1;5;2;11;14;9;64;8;57;1;7;3;21;2;14;.;.
"2021";"32 Ammatillinen peruskoulutus";"Naiset";"Päijät-Häme";"Tietojenkäsittely ja tietoliikenne (ICT)";5;.;.;.;.;.;.;.;.;.;.;.;.;7;.;.;.;.;.;.;.;.;.;.;.;.
"2021";"32 Ammatillinen peruskoulutus";"Naiset";"Kymenlaakso";"Tietojenkäsittely ja tietoliikenne (ICT)";4;.;.;.;.;.;.;.;.;.;.;.;.;2;.;.;.;.;.;.;.;.;.;.;.;.
"2021";"32 Ammatillinen peruskoulutus";"Naiset";"Etelä-Karjala";"Tietojenkäsittely ja tietoliikenne (ICT)";3;.;.;.;.;.;.;.;.;.;.;.;.;1;.;.;.;.;.;.;.;.;.;.;.;.
"2021";"32 Ammatillinen peruskoulutus";"Naiset";"Etelä-Savo";"Tietojenkäsittely ja tietoliikenne (ICT)";4;.;.;.;.;.;.;.;.;.;.;.;.;3;.;.;.;.;.;.;.;.;.;.;.;.
"2021";"32 Ammatillinen peruskoulutus";"Naiset";"Pohjois-Savo";"Tietojenkäsittely ja tietoliikenne (ICT)";4;.;.;.;.;.;.;.;.;.;.;.;.;6;.;.;.;.;.;.;.;.;.;.;.;.
"2021";"32 Ammatillinen peruskoulutus";"Naiset";"Pohjois-Karjala";"Tietojenkäsittely ja tietoliikenne (ICT)";4;.;.;.;.;.;.;.;.;.;.;.;.;5;.;.;.;.;.;.;.;.;.;.;.;.
"2021";"32 Ammatillinen peruskoulutus";"Naiset";"Keski-Suomi";"Tietojenkäsittely ja tietoliikenne (ICT)";10;3;30;2;20;1;10;3;30;3;30;1;10;10;7;70;6;60;1;10;.;.;3;30;.;.
"2021";"32 Ammatillinen peruskoulutus";"Naiset";"Etelä-Pohjanmaa";"Tietojenkäsittely ja tietoliikenne (ICT)";3;.;.;.;.;.;.;.;.;.;.;.;.;6;.;.;.;.;.;.;.;.;.;.;.;.
"2021";"32 Ammatillinen peruskoulutus";"Naiset";"Pohjanmaa";"Tietojenkäsittely ja tietoliikenne (ICT)";4;.;.;.;.;.;.;.;.;.;.;.;.;6;.;.;.;.;.;.;.;.;.;.;.;.
"2021";"32 Ammatillinen peruskoulutus";"Naiset";"Keski-Pohjanmaa";"Tietojenkäsittely ja tietoliikenne (ICT)";2;.;.;.;.;.;.;.;.;.;.;.;.;4;.;.;.;.;.;.;.;.;.;.;.;.
"2021";"32 Ammatillinen peruskoulutus";"Naiset";"Pohjois-Pohjanmaa";"Tietojenkäsittely ja tietoliikenne (ICT)";12;7;58;5;42;2;17;2;17;3;25;.;.;14;.;.;7;50;.;.;3;21;3;21;1;7
"2021";"32 Ammatillinen peruskoulutus";"Naiset";"Kainuu";"Tietojenkäsittely ja tietoliikenne (ICT)";2;.;.;.;.;.;.;.;.;.;.;.;.;1;.;.;.;.;.;.;.;.;.;.;.;.
"2021";"32 Ammatillinen peruskoulutus";"Naiset";"Lappi";"Tietojenkäsittely ja tietoliikenne (ICT)";6;.;.;.;.;.;.;.;.;.;.;.;.;1;.;.;.;.;.;.;.;.;.;.;.;.
"2021";"32 Ammatillinen peruskoulutus";"Naiset";"Ahvenanmaa";"Tietojenkäsittely ja tietoliikenne (ICT)";2;.;.;.;.;.;.;.;.;.;.;.;.;2;.;.;.;.;.;.;.;.;.;.;.;.
"2021";"32 Ammatillinen peruskoulutus";"Naiset";"Tuntematon";"Tietojenkäsittely ja tietoliikenne (ICT)";.;.;.;.;.;.;.;.;.;.;.;.;.;.;.;.;.;.;.;.;.;.;.;.;.;.
"2022";"32 Ammatillinen peruskoulutus";"Sukupuolet yhteensä";"Koko maa";"Tietojenkäsittely ja tietoliikenne (ICT)";2071;945;46;795;38;150;7;348;17;505;24;273;13;1991;1089;55;813;41;276;14;449;23;296;15;157;8
"2022";"32 Ammatillinen peruskoulutus";"Sukupuolet yhteensä";"Uusimaa";"Tietojenkäsittely ja tietoliikenne (ICT)";737;385;52;325;44;60;8;99;13;153;21;100;14;624;389;62;292;47;97;16;104;17;84;13;47;8
"2022";"32 Ammatillinen peruskoulutus";"Sukupuolet yhteensä";"Varsinais-Suomi";"Tietojenkäsittely ja tietoliikenne (ICT)";143;67;47;56;39;11;8;25;17;27;19;24;17;174;100;57;77;44;23;13;41;24;19;11;14;8
"2022";"32 Ammatillinen peruskoulutus";"Sukupuolet yhteensä";"Satakunta";"Tietojenkäsittely ja tietoliikenne (ICT)";60;18;30;12;20;6;10;10;17;20;33;12;20;48;26;54;16;33;10;21;12;25;9;19;1;2
"2022";"32 Ammatillinen peruskoulutus";"Sukupuolet yhteensä";"Kanta-Häme";"Tietojenkäsittely ja tietoliikenne (ICT)";79;34;43;30;38;4;5;18;23;14;18;13;16;87;40;46;33;38;7;8;29;33;12;14;6;7
"2022";"32 Ammatillinen peruskoulutus";"Sukupuolet yhteensä";"Pirkanmaa";"Tietojenkäsittely ja tietoliikenne (ICT)";149;68;46;61;41;7;5;20;13;36;24;25;17;149;87;58;63;42;24;16;36;24;13;9;13;9
"2022";"32 Ammatillinen peruskoulutus";"Sukupuolet yhteensä";"Päijät-Häme";"Tietojenkäsittely ja tietoliikenne (ICT)";70;29;41;24;34;5;7;14;20;20;29;7;10;73;30;41;19;26;11;15;13;18;23;32;7;10
"2022";"32 Ammatillinen peruskoulutus";"Sukupuolet yhteensä";"Kymenlaakso";"Tietojenkäsittely ja tietoliikenne (ICT)";55;18;33;16;29;2;4;9;16;18;33;10;18;66;24;36;21;32;3;5;28;42;10;15;4;6
"2022";"32 Ammatillinen peruskoulutus";"Sukupuolet yhteensä";"Etelä-Karjala";"Tietojenkäsittely ja tietoliikenne (ICT)";45;19;42;18;40;1;2;4;9;15;33;7;16;46;19;41;16;35;3;7;8;17;12;26;7;15
"2022";"32 Ammatillinen peruskoulutus";"Sukupuolet yhteensä";"Etelä-Savo";"Tietojenkäsittely ja tietoliikenne (ICT)";53;23;43;19;36;4;8;7;13;15;28;8;15;47;24;51;19;40;5;11;9;19;7;15;7;15
"2022";"32 Ammatillinen peruskoulutus";"Sukupuolet yhteensä";"Pohjois-Savo";"Tietojenkäsittely ja tietoliikenne (ICT)";83;37;45;34;41;3;4;13;16;27;33;6;7;91;49;54;39;43;10;11;23;25;16;18;3;3
"2022";"32 Ammatillinen peruskoulutus";"Sukupuolet yhteensä";"Pohjois-Karjala";"Tietojenkäsittely ja tietoliikenne (ICT)";68;26;38;22;32;4;6;9;13;25;37;8;12;54;28;52;18;33;10;19;7;13;15;28;4;7
"2022";"32 Ammatillinen peruskoulutus";"Sukupuolet yhteensä";"Keski-Suomi";"Tietojenkäsittely ja tietoliikenne (ICT)";109;43;39;37;34;6;6;27;25;29;27;10;9;110;58;53;39;35;19;17;27;25;22;20;3;3
"2022";"32 Ammatillinen peruskoulutus";"Sukupuolet yhteensä";"Etelä-Pohjanmaa";"Tietojenkäsittely ja tietoliikenne (ICT)";75;29;39;21;28;8;11;16;21;18;24;12;16;77;47;61;36;47;11;14;13;17;11;14;6;8
"2022";"32 Ammatillinen peruskoulutus";"Sukupuolet yhteensä";"Pohjanmaa";"Tietojenkäsittely ja tietoliikenne (ICT)";66;34;52;26;39;8;12;16;24;7;11;9;14;62;41;66;31;50;10;16;11;18;3;5;7;11
"2022";"32 Ammatillinen peruskoulutus";"Sukupuolet yhteensä";"Keski-Pohjanmaa";"Tietojenkäsittely ja tietoliikenne (ICT)";23;11;48;9;39;2;9;2;9;8;35;2;9;25;14;56;10;40;4;16;5;20;4;16;2;8
"2022";"32 Ammatillinen peruskoulutus";"Sukupuolet yhteensä";"Pohjois-Pohjanmaa";"Tietojenkäsittely ja tietoliikenne (ICT)";151;62;41;50;33;12;8;30;20;47;31;12;8;171;80;47;61;36;19;11;52;30;21;12;18;11
"2022";"32 Ammatillinen peruskoulutus";"Sukupuolet yhteensä";"Kainuu";"Tietojenkäsittely ja tietoliikenne (ICT)";38;16;42;15;39;1;3;14;37;6;16;2;5;36;11;31;10;28;1;3;14;39;6;17;5;14
"2022";"32 Ammatillinen peruskoulutus";"Sukupuolet yhteensä";"Lappi";"Tietojenkäsittely ja tietoliikenne (ICT)";57;18;32;15;26;3;5;14;25;19;33;6;11;39;15;38;11;28;4;10;13;33;9;23;2;5
"2022";"32 Ammatillinen peruskoulutus";"Sukupuolet yhteensä";"Ahvenanmaa";"Tietojenkäsittely ja tietoliikenne (ICT)";10;8;80;5;50;3;30;1;10;1;10;.;.;12;7;58;2;17;5;42;4;33;.;.;1;8
"2022";"32 Ammatillinen peruskoulutus";"Sukupuolet yhteensä";"Tuntematon";"Tietojenkäsittely ja tietoliikenne (ICT)";.;.;.;.;.;.;.;.;.;.;.;.;.;.;.;.;.;.;.;.;.;.;.;.;.;.
"2022";"32 Ammatillinen peruskoulutus";"Miehet";"Koko maa";"Tietojenkäsittely ja tietoliikenne (ICT)";1851;841;45;716;39;125;7;302;16;455;25;253;14;1813;995;55;742;41;253;14;413;23;271;15;134;7
"2022";"32 Ammatillinen peruskoulutus";"Miehet";"Uusimaa";"Tietojenkäsittely ja tietoliikenne (ICT)";645;328;51;278;43;50;8;88;14;136;21;93;14;549;336;61;247;45;89;16;97;18;74;13;42;8
"2022";"32 Ammatillinen peruskoulutus";"Miehet";"Varsinais-Suomi";"Tietojenkäsittely ja tietoliikenne (ICT)";123;57;46;52;42;5;4;21;17;23;19;22;18;161;96;60;76;47;20;12;35;22;17;11;13;8
"2022";"32 Ammatillinen peruskoulutus";"Miehet";"Satakunta";"Tietojenkäsittely ja tietoliikenne (ICT)";55;16;29;10;18;6;11;8;15;19;35;12;22;44;23;52;15;34;8;18;12;27;8;18;1;2
"2022";"32 Ammatillinen peruskoulutus";"Miehet";"Kanta-Häme";"Tietojenkäsittely ja tietoliikenne (ICT)";74;34;46;30;41;4;5;17;23;11;15;12;16;84;39;46;33;39;6;7;29;35;11;13;5;6
"2022";"32 Ammatillinen peruskoulutus";"Miehet";"Pirkanmaa";"Tietojenkäsittely ja tietoliikenne (ICT)";132;63;48;57;43;6;5;15;11;32;24;22;17;138;83;60;60;43;23;17;31;22;13;9;11;8
"2022";"32 Ammatillinen peruskoulutus";"Miehet";"Päijät-Häme";"Tietojenkäsittely ja tietoliikenne (ICT)";65;25;38;21;32;4;6;13;20;20;31;7;11;66;28;42;17;26;11;17;11;17;21;32;6;9
"2022";"32 Ammatillinen peruskoulutus";"Miehet";"Kymenlaakso";"Tietojenkäsittely ja tietoliikenne (ICT)";46;15;33;13;28;2;4;7;15;15;33;9;20;61;23;38;20;33;3;5;26;43;10;16;2;3
"2022";"32 Ammatillinen peruskoulutus";"Miehet";"Etelä-Karjala";"Tietojenkäsittely ja tietoliikenne (ICT)";43;19;44;18;42;1;2;2;5;15;35;7;16;44;18;41;15;34;3;7;8;18;12;27;6;14
"2022";"32 Ammatillinen peruskoulutus";"Miehet";"Etelä-Savo";"Tietojenkäsittely ja tietoliikenne (ICT)";50;21;42;17;34;4;8;7;14;14;28;8;16;43;23;53;18;42;5;12;9;21;6;14;5;12
"2022";"32 Ammatillinen peruskoulutus";"Miehet";"Pohjois-Savo";"Tietojenkäsittely ja tietoliikenne (ICT)";80;35;44;32;40;3;4;12;15;27;34;6;8;83;44;53;37;45;7;8;22;27;14;17;3;4
"2022";"32 Ammatillinen peruskoulutus";"Miehet";"Pohjois-Karjala";"Tietojenkäsittely ja tietoliikenne (ICT)";63;24;38;21;33;3;5;8;13;23;37;8;13;48;28;58;18;38;10;21;5;10;12;25;3;6
"2022";"32 Ammatillinen peruskoulutus";"Miehet";"Keski-Suomi";"Tietojenkäsittely ja tietoliikenne (ICT)";87;36;41;33;38;3;3;21;24;23;26;7;8;107;57;53;38;36;19;18;25;23;22;21;3;3
"2022";"32 Ammatillinen peruskoulutus";"Miehet";"Etelä-Pohjanmaa";"Tietojenkäsittely ja tietoliikenne (ICT)";73;28;38;20;27;8;11;16;22;18;25;11;15;70;41;59;33;47;8;11;13;19;10;14;6;9
"2022";"32 Ammatillinen peruskoulutus";"Miehet";"Pohjanmaa";"Tietojenkäsittely ja tietoliikenne (ICT)";59;32;54;24;41;8;14;13;22;7;12;7;12;57;39;68;29;51;10;18;10;18;3;5;5;9
"2022";"32 Ammatillinen peruskoulutus";"Miehet";"Keski-Pohjanmaa";"Tietojenkäsittely ja tietoliikenne (ICT)";22;10;45;8;36;2;9;2;9;8;36;2;9;23;12;52;8;35;4;17;5;22;4;17;2;9
"2022";"32 Ammatillinen peruskoulutus";"Miehet";"Pohjois-Pohjanmaa";"Tietojenkäsittely ja tietoliikenne (ICT)";142;59;42;49;35;10;7;30;21;41;29;12;8;159;75;47;56;35;19;12;48;30;21;13;15;9
"2022";"32 Ammatillinen peruskoulutus";"Miehet";"Kainuu";"Tietojenkäsittely ja tietoliikenne (ICT)";34;.;.;14;41;.;.;13;38;5;15;2;6;34;11;32;10;29;1;3;14;41;4;12;5;15
"2022";"32 Ammatillinen peruskoulutus";"Miehet";"Lappi";"Tietojenkäsittely ja tietoliikenne (ICT)";50;18;36;15;30;3;6;9;18;17;34;6;12;34;13;38;10;29;3;9;11;32;9;26;1;3
"2022";"32 Ammatillinen peruskoulutus";"Miehet";"Ahvenanmaa";"Tietojenkäsittely ja tietoliikenne (ICT)";8;.;.;.;.;.;.;.;.;.;.;.;.;8;.;.;.;.;.;.;.;.;.;.;.;.
"2022";"32 Ammatillinen peruskoulutus";"Miehet";"Tuntematon";"Tietojenkäsittely ja tietoliikenne (ICT)";.;.;.;.;.;.;.;.;.;.;.;.;.;.;.;.;.;.;.;.;.;.;.;.;.;.
"2022";"32 Ammatillinen peruskoulutus";"Naiset";"Koko maa";"Tietojenkäsittely ja tietoliikenne (ICT)";220;104;47;79;36;25;11;46;21;50;23;20;9;178;94;53;71;40;23;13;36;20;25;14;23;13
"2022";"32 Ammatillinen peruskoulutus";"Naiset";"Uusimaa";"Tietojenkäsittely ja tietoliikenne (ICT)";92;57;62;47;51;10;11;11;12;17;18;7;8;75;53;71;45;60;8;11;7;9;10;13;5;7
"2022";"32 Ammatillinen peruskoulutus";"Naiset";"Varsinais-Suomi";"Tietojenkäsittely ja tietoliikenne (ICT)";20;10;50;4;20;6;30;4;20;4;20;2;10;13;4;31;1;8;3;23;6;46;2;15;1;8
"2022";"32 Ammatillinen peruskoulutus";"Naiset";"Satakunta";"Tietojenkäsittely ja tietoliikenne (ICT)";5;.;.;.;.;.;.;.;.;.;.;.;.;4;.;.;.;.;.;.;.;.;.;.;.;.
"2022";"32 Ammatillinen peruskoulutus";"Naiset";"Kanta-Häme";"Tietojenkäsittely ja tietoliikenne (ICT)";5;.;.;.;.;.;.;.;.;.;.;.;.;3;.;.;.;.;.;.;.;.;.;.;.;.
"2022";"32 Ammatillinen peruskoulutus";"Naiset";"Pirkanmaa";"Tietojenkäsittely ja tietoliikenne (ICT)";17;5;29;4;24;1;6;5;29;4;24;3;18;11;4;36;3;27;1;9;5;45;.;.;2;18
"2022";"32 Ammatillinen peruskoulutus";"Naiset";"Päijät-Häme";"Tietojenkäsittely ja tietoliikenne (ICT)";5;.;.;.;.;.;.;.;.;.;.;.;.;7;.;.;.;.;.;.;.;.;.;.;.;.
"2022";"32 Ammatillinen peruskoulutus";"Naiset";"Kymenlaakso";"Tietojenkäsittely ja tietoliikenne (ICT)";9;.;.;.;.;.;.;.;.;.;.;.;.;5;.;.;.;.;.;.;.;.;.;.;.;.
"2022";"32 Ammatillinen peruskoulutus";"Naiset";"Etelä-Karjala";"Tietojenkäsittely ja tietoliikenne (ICT)";2;.;.;.;.;.;.;.;.;.;.;.;.;2;.;.;.;.;.;.;.;.;.;.;.;.
"2022";"32 Ammatillinen peruskoulutus";"Naiset";"Etelä-Savo";"Tietojenkäsittely ja tietoliikenne (ICT)";3;.;.;.;.;.;.;.;.;.;.;.;.;4;.;.;.;.;.;.;.;.;.;.;.;.
"2022";"32 Ammatillinen peruskoulutus";"Naiset";"Pohjois-Savo";"Tietojenkäsittely ja tietoliikenne (ICT)";3;.;.;.;.;.;.;.;.;.;.;.;.;8;.;.;.;.;.;.;.;.;.;.;.;.
"2022";"32 Ammatillinen peruskoulutus";"Naiset";"Pohjois-Karjala";"Tietojenkäsittely ja tietoliikenne (ICT)";5;.;.;.;.;.;.;.;.;.;.;.;.;6;.;.;.;.;.;.;.;.;.;.;.;.
"2022";"32 Ammatillinen peruskoulutus";"Naiset";"Keski-Suomi";"Tietojenkäsittely ja tietoliikenne (ICT)";22;7;32;4;18;3;14;6;27;6;27;3;14;3;.;.;.;.;.;.;.;.;.;.;.;.
"2022";"32 Ammatillinen peruskoulutus";"Naiset";"Etelä-Pohjanmaa";"Tietojenkäsittely ja tietoliikenne (ICT)";2;.;.;.;.;.;.;.;.;.;.;.;.;7;.;.;.;.;.;.;.;.;.;.;.;.
"2022";"32 Ammatillinen peruskoulutus";"Naiset";"Pohjanmaa";"Tietojenkäsittely ja tietoliikenne (ICT)";7;.;.;.;.;.;.;.;.;.;.;.;.;5;.;.;.;.;.;.;.;.;.;.;.;.
"2022";"32 Ammatillinen peruskoulutus";"Naiset";"Keski-Pohjanmaa";"Tietojenkäsittely ja tietoliikenne (ICT)";1;.;.;.;.;.;.;.;.;.;.;.;.;2;.;.;.;.;.;.;.;.;.;.;.;.
"2022";"32 Ammatillinen peruskoulutus";"Naiset";"Pohjois-Pohjanmaa";"Tietojenkäsittely ja tietoliikenne (ICT)";9;.;.;.;.;.;.;.;.;.;.;.;.;12;.;.;5;42;.;.;4;33;.;.;3;25
"2022";"32 Ammatillinen peruskoulutus";"Naiset";"Kainuu";"Tietojenkäsittely ja tietoliikenne (ICT)";4;.;.;.;.;.;.;.;.;.;.;.;.;2;.;.;.;.;.;.;.;.;.;.;.;.
"2022";"32 Ammatillinen peruskoulutus";"Naiset";"Lappi";"Tietojenkäsittely ja tietoliikenne (ICT)";7;.;.;.;.;.;.;.;.;.;.;.;.;5;.;.;.;.;.;.;.;.;.;.;.;.
"2022";"32 Ammatillinen peruskoulutus";"Naiset";"Ahvenanmaa";"Tietojenkäsittely ja tietoliikenne (ICT)";2;.;.;.;.;.;.;.;.;.;.;.;.;4;.;.;.;.;.;.;.;.;.;.;.;.
"2022";"32 Ammatillinen peruskoulutus";"Naiset";"Tuntematon";"Tietojenkäsittely ja tietoliikenne (ICT)";.;.;.;.;.;.;.;.;.;.;.;.;.;.;.;.;.;.;.;.;.;.;.;.;.;.
"2023";"32 Ammatillinen peruskoulutus";"Sukupuolet yhteensä";"Koko maa";"Tietojenkäsittely ja tietoliikenne (ICT)";2025;900;44;731;36;169;8;369;18;521;26;235;12;1956;1041;53;766;39;275;14;441;23;346;18;128;7
"2023";"32 Ammatillinen peruskoulutus";"Sukupuolet yhteensä";"Uusimaa";"Tietojenkäsittely ja tietoliikenne (ICT)";669;330;49;266;40;64;10;115;17;160;24;64;10;601;357;59;270;45;87;14;103;17;105;17;36;6
"2023";"32 Ammatillinen peruskoulutus";"Sukupuolet yhteensä";"Varsinais-Suomi";"Tietojenkäsittely ja tietoliikenne (ICT)";151;77;51;58;38;19;13;24;16;31;21;19;13;155;89;57;72;46;17;11;34;22;22;14;10;6
"2023";"32 Ammatillinen peruskoulutus";"Sukupuolet yhteensä";"Satakunta";"Tietojenkäsittely ja tietoliikenne (ICT)";64;28;44;20;31;8;13;10;16;19;30;7;11;49;22;45;19;39;3;6;15;31;7;14;5;10
"2023";"32 Ammatillinen peruskoulutus";"Sukupuolet yhteensä";"Kanta-Häme";"Tietojenkäsittely ja tietoliikenne (ICT)";78;27;35;23;29;4;5;10;13;25;32;16;21;81;39;48;31;38;8;10;15;19;16;20;11;14
"2023";"32 Ammatillinen peruskoulutus";"Sukupuolet yhteensä";"Pirkanmaa";"Tietojenkäsittely ja tietoliikenne (ICT)";174;71;41;59;34;12;7;35;20;52;30;16;9;169;117;69;89;53;28;17;26;15;17;10;9;5
"2023";"32 Ammatillinen peruskoulutus";"Sukupuolet yhteensä";"Päijät-Häme";"Tietojenkäsittely ja tietoliikenne (ICT)";81;45;56;40;49;5;6;5;6;24;30;7;9;51;26;51;19;37;7;14;12;24;11;22;2;4
"2023";"32 Ammatillinen peruskoulutus";"Sukupuolet yhteensä";"Kymenlaakso";"Tietojenkäsittely ja tietoliikenne (ICT)";55;16;29;13;24;3;5;15;27;18;33;6;11;55;27;49;16;29;11;20;15;27;9;16;4;7
"2023";"32 Ammatillinen peruskoulutus";"Sukupuolet yhteensä";"Etelä-Karjala";"Tietojenkäsittely ja tietoliikenne (ICT)";29;13;45;11;38;2;7;6;21;6;21;4;14;52;24;46;18;35;6;12;15;29;9;17;4;8
"2023";"32 Ammatillinen peruskoulutus";"Sukupuolet yhteensä";"Etelä-Savo";"Tietojenkäsittely ja tietoliikenne (ICT)";60;23;38;19;32;4;7;10;17;17;28;10;17;37;10;27;7;19;3;8;13;35;12;32;2;5
"2023";"32 Ammatillinen peruskoulutus";"Sukupuolet yhteensä";"Pohjois-Savo";"Tietojenkäsittely ja tietoliikenne (ICT)";74;39;53;34;46;5;7;11;15;15;20;9;12;76;42;55;32;42;10;13;15;20;15;20;4;5
"2023";"32 Ammatillinen peruskoulutus";"Sukupuolet yhteensä";"Pohjois-Karjala";"Tietojenkäsittely ja tietoliikenne (ICT)";53;27;51;26;49;1;2;6;11;18;34;2;4;48;22;46;17;35;5;10;8;17;15;31;3;6
"2023";"32 Ammatillinen peruskoulutus";"Sukupuolet yhteensä";"Keski-Suomi";"Tietojenkäsittely ja tietoliikenne (ICT)";111;49;44;41;37;8;7;18;16;28;25;16;14;110;51;46;34;31;17;15;32;29;21;19;6;5
"2023";"32 Ammatillinen peruskoulutus";"Sukupuolet yhteensä";"Etelä-Pohjanmaa";"Tietojenkäsittely ja tietoliikenne (ICT)";85;25;29;17;20;8;9;20;24;24;28;16;19;86;44;51;32;37;12;14;22;26;13;15;7;8
"2023";"32 Ammatillinen peruskoulutus";"Sukupuolet yhteensä";"Pohjanmaa";"Tietojenkäsittely ja tietoliikenne (ICT)";56;23;41;19;34;4;7;14;25;13;23;6;11;76;40;53;24;32;16;21;17;22;13;17;6;8
"2023";"32 Ammatillinen peruskoulutus";"Sukupuolet yhteensä";"Keski-Pohjanmaa";"Tietojenkäsittely ja tietoliikenne (ICT)";32;7;22;6;19;1;3;8;25;8;25;9;28;26;10;38;8;31;2;8;8;31;3;12;5;19
"2023";"32 Ammatillinen peruskoulutus";"Sukupuolet yhteensä";"Pohjois-Pohjanmaa";"Tietojenkäsittely ja tietoliikenne (ICT)";159;57;36;43;27;14;9;43;27;42;26;17;11;176;70;40;47;27;23;13;53;30;43;24;10;6
"2023";"32 Ammatillinen peruskoulutus";"Sukupuolet yhteensä";"Kainuu";"Tietojenkäsittely ja tietoliikenne (ICT)";27;15;56;13;48;2;7;4;15;5;19;3;11;31;7;23;6;19;1;3;18;58;5;16;1;3
"2023";"32 Ammatillinen peruskoulutus";"Sukupuolet yhteensä";"Lappi";"Tietojenkäsittely ja tietoliikenne (ICT)";52;21;40;19;37;2;4;11;21;15;29;5;10;69;37;54;21;30;16;23;19;28;10;14;3;4
"2023";"32 Ammatillinen peruskoulutus";"Sukupuolet yhteensä";"Ahvenanmaa";"Tietojenkäsittely ja tietoliikenne (ICT)";15;7;47;4;27;3;20;4;27;1;7;3;20;8;.;.;.;.;.;.;.;.;.;.;.;.
"2023";"32 Ammatillinen peruskoulutus";"Sukupuolet yhteensä";"Tuntematon";"Tietojenkäsittely ja tietoliikenne (ICT)";.;.;.;.;.;.;.;.;.;.;.;.;.;.;.;.;.;.;.;.;.;.;.;.;.;.
"2023";"32 Ammatillinen peruskoulutus";"Miehet";"Koko maa";"Tietojenkäsittely ja tietoliikenne (ICT)";1815;770;42;626;34;144;8;339;19;484;27;222;12;1788;945;53;703;39;242;14;403;23;320;18;120;7
"2023";"32 Ammatillinen peruskoulutus";"Miehet";"Uusimaa";"Tietojenkäsittely ja tietoliikenne (ICT)";579;266;46;211;36;55;9;107;18;143;25;63;11;539;317;59;240;45;77;14;92;17;97;18;33;6
"2023";"32 Ammatillinen peruskoulutus";"Miehet";"Varsinais-Suomi";"Tietojenkäsittely ja tietoliikenne (ICT)";141;69;49;53;38;16;11;23;16;31;22;18;13;147;84;57;70;48;14;10;32;22;21;14;10;7
"2023";"32 Ammatillinen peruskoulutus";"Miehet";"Satakunta";"Tietojenkäsittely ja tietoliikenne (ICT)";60;26;43;18;30;8;13;9;15;18;30;7;12;44;20;45;18;41;2;5;13;30;6;14;5;11
"2023";"32 Ammatillinen peruskoulutus";"Miehet";"Kanta-Häme";"Tietojenkäsittely ja tietoliikenne (ICT)";67;22;33;18;27;4;6;9;13;22;33;14;21;72;33;46;26;36;7;10;15;21;14;19;10;14
"2023";"32 Ammatillinen peruskoulutus";"Miehet";"Pirkanmaa";"Tietojenkäsittely ja tietoliikenne (ICT)";144;57;40;49;34;8;6;31;22;46;32;10;7;150;101;67;80;53;21;14;24;16;16;11;9;6
"2023";"32 Ammatillinen peruskoulutus";"Miehet";"Päijät-Häme";"Tietojenkäsittely ja tietoliikenne (ICT)";74;39;53;35;47;4;5;5;7;23;31;7;9;46;22;48;15;33;7;15;11;24;11;24;2;4
"2023";"32 Ammatillinen peruskoulutus";"Miehet";"Kymenlaakso";"Tietojenkäsittely ja tietoliikenne (ICT)";49;15;31;12;24;3;6;12;24;16;33;6;12;51;26;51;16;31;10;20;13;25;8;16;4;8
"2023";"32 Ammatillinen peruskoulutus";"Miehet";"Etelä-Karjala";"Tietojenkäsittely ja tietoliikenne (ICT)";25;10;40;9;36;1;4;5;20;6;24;4;16;49;22;45;16;33;6;12;14;29;9;18;4;8
"2023";"32 Ammatillinen peruskoulutus";"Miehet";"Etelä-Savo";"Tietojenkäsittely ja tietoliikenne (ICT)";59;22;37;18;31;4;7;10;17;17;29;10;17;33;10;30;7;21;3;9;11;33;10;30;2;6
"2023";"32 Ammatillinen peruskoulutus";"Miehet";"Pohjois-Savo";"Tietojenkäsittely ja tietoliikenne (ICT)";68;35;51;30;44;5;7;11;16;14;21;8;12;72;41;57;31;43;10;14;13;18;15;21;3;4
"2023";"32 Ammatillinen peruskoulutus";"Miehet";"Pohjois-Karjala";"Tietojenkäsittely ja tietoliikenne (ICT)";49;26;53;25;51;1;2;4;8;17;35;2;4;44;22;50;17;39;5;11;7;16;12;27;3;7
"2023";"32 Ammatillinen peruskoulutus";"Miehet";"Keski-Suomi";"Tietojenkäsittely ja tietoliikenne (ICT)";106;46;43;38;36;8;8;16;15;28;26;16;15;100;44;44;30;30;14;14;31;31;20;20;5;5
"2023";"32 Ammatillinen peruskoulutus";"Miehet";"Etelä-Pohjanmaa";"Tietojenkäsittely ja tietoliikenne (ICT)";79;23;29;16;20;7;9;19;24;23;29;14;18;83;43;52;31;37;12;14;20;24;13;16;7;8
"2023";"32 Ammatillinen peruskoulutus";"Miehet";"Pohjanmaa";"Tietojenkäsittely ja tietoliikenne (ICT)";51;19;37;16;31;3;6;13;25;13;25;6;12;72;37;51;24;33;13;18;16;22;13;18;6;8
"2023";"32 Ammatillinen peruskoulutus";"Miehet";"Keski-Pohjanmaa";"Tietojenkäsittely ja tietoliikenne (ICT)";30;7;23;6;20;1;3;7;23;7;23;9;30;24;9;38;7;29;2;8;7;29;3;13;5;21
"2023";"32 Ammatillinen peruskoulutus";"Miehet";"Pohjois-Pohjanmaa";"Tietojenkäsittely ja tietoliikenne (ICT)";148;51;34;40;27;11;7;40;27;40;27;17;11;164;66;40;45;27;21;13;50;30;40;24;8;5
"2023";"32 Ammatillinen peruskoulutus";"Miehet";"Kainuu";"Tietojenkäsittely ja tietoliikenne (ICT)";23;11;48;10;43;1;4;4;17;5;22;3;13;29;7;24;6;21;1;3;16;55;5;17;1;3
"2023";"32 Ammatillinen peruskoulutus";"Miehet";"Lappi";"Tietojenkäsittely ja tietoliikenne (ICT)";49;19;39;18;37;1;2;11;22;14;29;5;10;63;35;56;20;32;15;24;18;29;7;11;3;5
"2023";"32 Ammatillinen peruskoulutus";"Miehet";"Ahvenanmaa";"Tietojenkäsittely ja tietoliikenne (ICT)";14;7;50;4;29;3;21;3;21;1;7;3;21;6;.;.;.;.;.;.;.;.;.;.;.;.
"2023";"32 Ammatillinen peruskoulutus";"Miehet";"Tuntematon";"Tietojenkäsittely ja tietoliikenne (ICT)";.;.;.;.;.;.;.;.;.;.;.;.;.;.;.;.;.;.;.;.;.;.;.;.;.;.
"2023";"32 Ammatillinen peruskoulutus";"Naiset";"Koko maa";"Tietojenkäsittely ja tietoliikenne (ICT)";210;130;62;105;50;25;12;30;14;37;18;13;6;168;96;57;63;38;33;20;38;23;26;15;8;5
"2023";"32 Ammatillinen peruskoulutus";"Naiset";"Uusimaa";"Tietojenkäsittely ja tietoliikenne (ICT)";90;64;71;55;61;9;10;8;9;17;19;1;1;62;40;65;30;48;10;16;11;18;8;13;3;5
"2023";"32 Ammatillinen peruskoulutus";"Naiset";"Varsinais-Suomi";"Tietojenkäsittely ja tietoliikenne (ICT)";10;8;80;5;50;3;30;1;10;.;.;1;10;8;.;.;.;.;.;.;.;.;.;.;.;.
"2023";"32 Ammatillinen peruskoulutus";"Naiset";"Satakunta";"Tietojenkäsittely ja tietoliikenne (ICT)";4;.;.;.;.;.;.;.;.;.;.;.;.;5;.;.;.;.;.;.;.;.;.;.;.;.
"2023";"32 Ammatillinen peruskoulutus";"Naiset";"Kanta-Häme";"Tietojenkäsittely ja tietoliikenne (ICT)";11;.;.;5;45;.;.;1;9;3;27;2;18;9;.;.;.;.;.;.;.;.;.;.;.;.
"2023";"32 Ammatillinen peruskoulutus";"Naiset";"Pirkanmaa";"Tietojenkäsittely ja tietoliikenne (ICT)";30;14;47;10;33;4;13;4;13;6;20;6;20;19;16;84;9;47;7;37;2;11;1;5;.;.
"2023";"32 Ammatillinen peruskoulutus";"Naiset";"Päijät-Häme";"Tietojenkäsittely ja tietoliikenne (ICT)";7;.;.;.;.;.;.;.;.;.;.;.;.;5;.;.;.;.;.;.;.;.;.;.;.;.
"2023";"32 Ammatillinen peruskoulutus";"Naiset";"Kymenlaakso";"Tietojenkäsittely ja tietoliikenne (ICT)";6;.;.;.;.;.;.;.;.;.;.;.;.;4;.;.;.;.;.;.;.;.;.;.;.;.
"2023";"32 Ammatillinen peruskoulutus";"Naiset";"Etelä-Karjala";"Tietojenkäsittely ja tietoliikenne (ICT)";4;.;.;.;.;.;.;.;.;.;.;.;.;3;.;.;.;.;.;.;.;.;.;.;.;.
"2023";"32 Ammatillinen peruskoulutus";"Naiset";"Etelä-Savo";"Tietojenkäsittely ja tietoliikenne (ICT)";1;.;.;.;.;.;.;.;.;.;.;.;.;4;.;.;.;.;.;.;.;.;.;.;.;.
"2023";"32 Ammatillinen peruskoulutus";"Naiset";"Pohjois-Savo";"Tietojenkäsittely ja tietoliikenne (ICT)";6;.;.;.;.;.;.;.;.;.;.;.;.;4;.;.;.;.;.;.;.;.;.;.;.;.
"2023";"32 Ammatillinen peruskoulutus";"Naiset";"Pohjois-Karjala";"Tietojenkäsittely ja tietoliikenne (ICT)";4;.;.;.;.;.;.;.;.;.;.;.;.;4;.;.;.;.;.;.;.;.;.;.;.;.
"2023";"32 Ammatillinen peruskoulutus";"Naiset";"Keski-Suomi";"Tietojenkäsittely ja tietoliikenne (ICT)";5;.;.;.;.;.;.;.;.;.;.;.;.;10;7;70;4;40;3;30;1;10;1;10;1;10
"2023";"32 Ammatillinen peruskoulutus";"Naiset";"Etelä-Pohjanmaa";"Tietojenkäsittely ja tietoliikenne (ICT)";6;.;.;.;.;.;.;.;.;.;.;.;.;3;.;.;.;.;.;.;.;.;.;.;.;.
"2023";"32 Ammatillinen peruskoulutus";"Naiset";"Pohjanmaa";"Tietojenkäsittely ja tietoliikenne (ICT)";5;.;.;.;.;.;.;.;.;.;.;.;.;4;.;.;.;.;.;.;.;.;.;.;.;.
"2023";"32 Ammatillinen peruskoulutus";"Naiset";"Keski-Pohjanmaa";"Tietojenkäsittely ja tietoliikenne (ICT)";2;.;.;.;.;.;.;.;.;.;.;.;.;2;.;.;.;.;.;.;.;.;.;.;.;.
"2023";"32 Ammatillinen peruskoulutus";"Naiset";"Pohjois-Pohjanmaa";"Tietojenkäsittely ja tietoliikenne (ICT)";11;6;55;3;27;3;27;3;27;2;18;.;.;12;4;33;2;17;2;17;3;25;3;25;2;17
"2023";"32 Ammatillinen peruskoulutus";"Naiset";"Kainuu";"Tietojenkäsittely ja tietoliikenne (ICT)";4;.;.;.;.;.;.;.;.;.;.;.;.;2;.;.;.;.;.;.;.;.;.;.;.;.
"2023";"32 Ammatillinen peruskoulutus";"Naiset";"Lappi";"Tietojenkäsittely ja tietoliikenne (ICT)";3;.;.;.;.;.;.;.;.;.;.;.;.;6;.;.;.;.;.;.;.;.;.;.;.;.
"2023";"32 Ammatillinen peruskoulutus";"Naiset";"Ahvenanmaa";"Tietojenkäsittely ja tietoliikenne (ICT)";1;.;.;.;.;.;.;.;.;.;.;.;.;2;.;.;.;.;.;.;.;.;.;.;.;.
"2023";"32 Ammatillinen peruskoulutus";"Naiset";"Tuntematon";"Tietojenkäsittely ja tietoliikenne (ICT)";.;.;.;.;.;.;.;.;.;.;.;.;.;.;.;.;.;.;.;.;.;.;.;.;.;.
